date,name,category,value
2020-04-13,AK,AK,277
2020-04-13,AL,AL,3734
2020-04-13,AR,AR,1410
2020-04-13,AS,AS,0
2020-04-13,AZ,AZ,3702
2020-04-13,CA,CA,22348
2020-04-13,CO,CO,7684
2020-04-13,CT,CT,13381
2020-04-13,DC,DC,1955
2020-04-13,DE,DE,1625
2020-04-13,FL,FL,20601
2020-04-13,GA,GA,13315
2020-04-13,GU,GU,135
2020-04-13,HI,HI,499
2020-04-13,IA,IA,1710
2020-04-13,ID,ID,1426
2020-04-13,IL,IL,22025
2020-04-13,IN,IN,8236
2020-04-13,KS,KS,1376
2020-04-13,KY,KY,1963
2020-04-13,LA,LA,21016
2020-04-13,MA,MA,26867
2020-04-13,MD,MD,8936
2020-04-13,ME,ME,698
2020-04-13,MI,MI,25635
2020-04-13,MN,MN,1650
2020-04-13,MO,MO,4388
2020-04-13,MP,MP,11
2020-04-13,MS,MS,2942
2020-04-13,MT,MT,394
2020-04-13,NC,NC,4816
2020-04-13,ND,ND,331
2020-04-13,NE,NE,814
2020-04-13,NH,NH,985
2020-04-13,NJ,NJ,64584
2020-04-13,NM,NM,1245
2020-04-13,NV,NV,2971
2020-04-13,NY,NY,195031
2020-04-13,OH,OH,6975
2020-04-13,OK,OK,2069
2020-04-13,OR,OR,1584
2020-04-13,PA,PA,24199
2020-04-13,PR,PR,903
2020-04-13,RI,RI,2976
2020-04-13,SC,SC,3319
2020-04-13,SD,SD,868
2020-04-13,TN,TN,5610
2020-04-13,TX,TX,13906
2020-04-13,UT,UT,2363
2020-04-13,VA,VA,5747
2020-04-13,VI,VI,51
2020-04-13,VT,VT,748
2020-04-13,WA,WA,10411
2020-04-13,WI,WI,3428
2020-04-13,WV,WV,626
2020-04-13,WY,WY,275
2020-04-12,AK,AK,272
2020-04-12,AL,AL,3525
2020-04-12,AR,AR,1280
2020-04-12,AS,AS,0
2020-04-12,AZ,AZ,3539
2020-04-12,CA,CA,21794
2020-04-12,CO,CO,6893
2020-04-12,CT,CT,12035
2020-04-12,DC,DC,1875
2020-04-12,DE,DE,1479
2020-04-12,FL,FL,19355
2020-04-12,GA,GA,12452
2020-04-12,GU,GU,133
2020-04-12,HI,HI,486
2020-04-12,IA,IA,1587
2020-04-12,ID,ID,1407
2020-04-12,IL,IL,20852
2020-04-12,IN,IN,7928
2020-04-12,KS,KS,1337
2020-04-12,KY,KY,1840
2020-04-12,LA,LA,20595
2020-04-12,MA,MA,25475
2020-04-12,MD,MD,8225
2020-04-12,ME,ME,633
2020-04-12,MI,MI,24638
2020-04-12,MN,MN,1621
2020-04-12,MO,MO,4160
2020-04-12,MP,MP,11
2020-04-12,MS,MS,2781
2020-04-12,MT,MT,387
2020-04-12,NC,NC,4520
2020-04-12,ND,ND,308
2020-04-12,NE,NE,791
2020-04-12,NH,NH,929
2020-04-12,NJ,NJ,61850
2020-04-12,NM,NM,1174
2020-04-12,NV,NV,2836
2020-04-12,NY,NY,188694
2020-04-12,OH,OH,6604
2020-04-12,OK,OK,1970
2020-04-12,OR,OR,1527
2020-04-12,PA,PA,22833
2020-04-12,PR,PR,897
2020-04-12,RI,RI,2665
2020-04-12,SC,SC,3319
2020-04-12,SD,SD,730
2020-04-12,TN,TN,5308
2020-04-12,TX,TX,13484
2020-04-12,UT,UT,2303
2020-04-12,VA,VA,5274
2020-04-12,VI,VI,51
2020-04-12,VT,VT,727
2020-04-12,WA,WA,10224
2020-04-12,WI,WI,3341
2020-04-12,WV,WV,611
2020-04-12,WY,WY,261
2020-04-11,AK,AK,257
2020-04-11,AL,AL,3191
2020-04-11,AR,AR,1226
2020-04-11,AS,AS,0
2020-04-11,AZ,AZ,3393
2020-04-11,CA,CA,19472
2020-04-11,CO,CO,6510
2020-04-11,CT,CT,11510
2020-04-11,DC,DC,1778
2020-04-11,DE,DE,1479
2020-04-11,FL,FL,18494
2020-04-11,GA,GA,12159
2020-04-11,GU,GU,133
2020-04-11,HI,HI,465
2020-04-11,IA,IA,1510
2020-04-11,ID,ID,1396
2020-04-11,IL,IL,19180
2020-04-11,IN,IN,7435
2020-04-11,KS,KS,1268
2020-04-11,KY,KY,1693
2020-04-11,LA,LA,20014
2020-04-11,MA,MA,22860
2020-04-11,MD,MD,7694
2020-04-11,ME,ME,616
2020-04-11,MI,MI,23993
2020-04-11,MN,MN,1427
2020-04-11,MO,MO,4024
2020-04-11,MP,MP,11
2020-04-11,MS,MS,2642
2020-04-11,MT,MT,377
2020-04-11,NC,NC,4312
2020-04-11,ND,ND,293
2020-04-11,NE,NE,700
2020-04-11,NH,NH,885
2020-04-11,NJ,NJ,58151
2020-04-11,NM,NM,1091
2020-04-11,NV,NV,2700
2020-04-11,NY,NY,180458
2020-04-11,OH,OH,6187
2020-04-11,OK,OK,1868
2020-04-11,OR,OR,1371
2020-04-11,PA,PA,21655
2020-04-11,PR,PR,788
2020-04-11,RI,RI,2349
2020-04-11,SC,SC,3207
2020-04-11,SD,SD,626
2020-04-11,TN,TN,5114
2020-04-11,TX,TX,12561
2020-04-11,UT,UT,2206
2020-04-11,VA,VA,5077
2020-04-11,VI,VI,51
2020-04-11,VT,VT,711
2020-04-11,WA,WA,10224
2020-04-11,WI,WI,3213
2020-04-11,WV,WV,577
2020-04-11,WY,WY,261
2020-04-10,AK,AK,246
2020-04-10,AL,AL,2968
2020-04-10,AR,AR,1171
2020-04-10,AS,AS,0
2020-04-10,AZ,AZ,3112
2020-04-10,CA,CA,19472
2020-04-10,CO,CO,6510
2020-04-10,CT,CT,10538
2020-04-10,DC,DC,1660
2020-04-10,DE,DE,1326
2020-04-10,FL,FL,17531
2020-04-10,GA,GA,11483
2020-04-10,GU,GU,130
2020-04-10,HI,HI,442
2020-04-10,IA,IA,1388
2020-04-10,ID,ID,1353
2020-04-10,IL,IL,17887
2020-04-10,IN,IN,6907
2020-04-10,KS,KS,1166
2020-04-10,KY,KY,1693
2020-04-10,LA,LA,19253
2020-04-10,MA,MA,20974
2020-04-10,MD,MD,6968
2020-04-10,ME,ME,586
2020-04-10,MI,MI,22783
2020-04-10,MN,MN,1336
2020-04-10,MO,MO,3799
2020-04-10,MP,MP,11
2020-04-10,MS,MS,2469
2020-04-10,MT,MT,365
2020-04-10,NC,NC,3908
2020-04-10,ND,ND,278
2020-04-10,NE,NE,635
2020-04-10,NH,NH,819
2020-04-10,NJ,NJ,54588
2020-04-10,NM,NM,1091
2020-04-10,NV,NV,2584
2020-04-10,NY,NY,170512
2020-04-10,OH,OH,5836
2020-04-10,OK,OK,1794
2020-04-10,OR,OR,1321
2020-04-10,PA,PA,19979
2020-04-10,PR,PR,725
2020-04-10,RI,RI,2015
2020-04-10,SC,SC,3065
2020-04-10,SD,SD,536
2020-04-10,TN,TN,4862
2020-04-10,TX,TX,11671
2020-04-10,UT,UT,2102
2020-04-10,VA,VA,4509
2020-04-10,VI,VI,50
2020-04-10,VT,VT,679
2020-04-10,WA,WA,10224
2020-04-10,WI,WI,3068
2020-04-10,WV,WV,554
2020-04-10,WY,WY,320
2020-04-09,AK,AK,235
2020-04-09,AL,AL,2769
2020-04-09,AR,AR,1119
2020-04-09,AS,AS,0
2020-04-09,AZ,AZ,3018
2020-04-09,CA,CA,18309
2020-04-09,CO,CO,5655
2020-04-09,CT,CT,9784
2020-04-09,DC,DC,1523
2020-04-09,DE,DE,1207
2020-04-09,FL,FL,16364
2020-04-09,GA,GA,10566
2020-04-09,GU,GU,128
2020-04-09,HI,HI,435
2020-04-09,IA,IA,1270
2020-04-09,ID,ID,1232
2020-04-09,IL,IL,16422
2020-04-09,IN,IN,6351
2020-04-09,KS,KS,1106
2020-04-09,KY,KY,1346
2020-04-09,LA,LA,18283
2020-04-09,MA,MA,18941
2020-04-09,MD,MD,6185
2020-04-09,ME,ME,560
2020-04-09,MI,MI,21504
2020-04-09,MN,MN,1242
2020-04-09,MO,MO,3539
2020-04-09,MP,MP,11
2020-04-09,MS,MS,2260
2020-04-09,MT,MT,354
2020-04-09,NC,NC,3651
2020-04-09,ND,ND,269
2020-04-09,NE,NE,567
2020-04-09,NH,NH,788
2020-04-09,NJ,NJ,51027
2020-04-09,NM,NM,865
2020-04-09,NV,NV,2456
2020-04-09,NY,NY,159937
2020-04-09,OH,OH,5512
2020-04-09,OK,OK,1684
2020-04-09,OR,OR,1321
2020-04-09,PA,PA,18228
2020-04-09,PR,PR,683
2020-04-09,RI,RI,1727
2020-04-09,SC,SC,2792
2020-04-09,SD,SD,447
2020-04-09,TN,TN,4634
2020-04-09,TX,TX,10230
2020-04-09,UT,UT,1976
2020-04-09,VA,VA,4042
2020-04-09,VI,VI,46
2020-04-09,VT,VT,628
2020-04-09,WA,WA,9769
2020-04-09,WI,WI,2885
2020-04-09,WV,WV,523
2020-04-09,WY,WY,230
2020-04-08,AK,AK,226
2020-04-08,AL,AL,2369
2020-04-08,AR,AR,1000
2020-04-08,AS,AS,0
2020-04-08,AZ,AZ,2726
2020-04-08,CA,CA,16957
2020-04-08,CO,CO,5429
2020-04-08,CT,CT,7781
2020-04-08,DC,DC,1440
2020-04-08,DE,DE,928
2020-04-08,FL,FL,15455
2020-04-08,GA,GA,9901
2020-04-08,GU,GU,125
2020-04-08,HI,HI,410
2020-04-08,IA,IA,1145
2020-04-08,ID,ID,1210
2020-04-08,IL,IL,15078
2020-04-08,IN,IN,5943
2020-04-08,KS,KS,900
2020-04-08,KY,KY,1149
2020-04-08,LA,LA,17030
2020-04-08,MA,MA,16790
2020-04-08,MD,MD,5529
2020-04-08,ME,ME,537
2020-04-08,MI,MI,20589
2020-04-08,MN,MN,1154
2020-04-08,MO,MO,3327
2020-04-08,MP,MP,11
2020-04-08,MS,MS,2003
2020-04-08,MT,MT,332
2020-04-08,NC,NC,3426
2020-04-08,ND,ND,251
2020-04-08,NE,NE,519
2020-04-08,NH,NH,788
2020-04-08,NJ,NJ,47437
2020-04-08,NM,NM,794
2020-04-08,NV,NV,2318
2020-04-08,NY,NY,149316
2020-04-08,OH,OH,5148
2020-04-08,OK,OK,1524
2020-04-08,OR,OR,1239
2020-04-08,PA,PA,16239
2020-04-08,PR,PR,620
2020-04-08,RI,RI,1450
2020-04-08,SC,SC,2552
2020-04-08,SD,SD,393
2020-04-08,TN,TN,4362
2020-04-08,TX,TX,9353
2020-04-08,UT,UT,1846
2020-04-08,VA,VA,3645
2020-04-08,VI,VI,45
2020-04-08,VT,VT,605
2020-04-08,WA,WA,9506
2020-04-08,WI,WI,2756
2020-04-08,WV,WV,462
2020-04-08,WY,WY,221
2020-04-07,AK,AK,213
2020-04-07,AL,AL,2119
2020-04-07,AR,AR,946
2020-04-07,AS,AS,0
2020-04-07,AZ,AZ,2575
2020-04-07,CA,CA,15865
2020-04-07,CO,CO,5172
2020-04-07,CT,CT,7781
2020-04-07,DC,DC,1211
2020-04-07,DE,DE,928
2020-04-07,FL,FL,14747
2020-04-07,GA,GA,8818
2020-04-07,GU,GU,121
2020-04-07,HI,HI,387
2020-04-07,IA,IA,1048
2020-04-07,ID,ID,1170
2020-04-07,IL,IL,13549
2020-04-07,IN,IN,5507
2020-04-07,KS,KS,900
2020-04-07,KY,KY,1008
2020-04-07,LA,LA,16284
2020-04-07,MA,MA,15202
2020-04-07,MD,MD,4371
2020-04-07,ME,ME,519
2020-04-07,MI,MI,19823
2020-04-07,MN,MN,1069
2020-04-07,MO,MO,3037
2020-04-07,MP,MP,8
2020-04-07,MS,MS,1915
2020-04-07,MT,MT,319
2020-04-07,NC,NC,3221
2020-04-07,ND,ND,237
2020-04-07,NE,NE,447
2020-04-07,NH,NH,715
2020-04-07,NJ,NJ,44416
2020-04-07,NM,NM,686
2020-04-07,NV,NV,2087
2020-04-07,NY,NY,138863
2020-04-07,OH,OH,4782
2020-04-07,OK,OK,1472
2020-04-07,OR,OR,1181
2020-04-07,PA,PA,14559
2020-04-07,PR,PR,573
2020-04-07,RI,RI,1230
2020-04-07,SC,SC,2417
2020-04-07,SD,SD,320
2020-04-07,TN,TN,4138
2020-04-07,TX,TX,8262
2020-04-07,UT,UT,1738
2020-04-07,VA,VA,3333
2020-04-07,VI,VI,43
2020-04-07,VT,VT,575
2020-04-07,WA,WA,9043
2020-04-07,WI,WI,2578
2020-04-07,WV,WV,412
2020-04-07,WY,WY,216
2020-04-06,AK,AK,191
2020-04-06,AL,AL,1968
2020-04-06,AR,AR,875
2020-04-06,AS,AS,0
2020-04-06,AZ,AZ,2456
2020-04-06,CA,CA,14336
2020-04-06,CO,CO,4950
2020-04-06,CT,CT,6906
2020-04-06,DC,DC,1097
2020-04-06,DE,DE,673
2020-04-06,FL,FL,13324
2020-04-06,GA,GA,7314
2020-04-06,GU,GU,113
2020-04-06,HI,HI,371
2020-04-06,IA,IA,946
2020-04-06,ID,ID,1101
2020-04-06,IL,IL,12262
2020-04-06,IN,IN,4944
2020-04-06,KS,KS,845
2020-04-06,KY,KY,955
2020-04-06,LA,LA,14867
2020-04-06,MA,MA,13837
2020-04-06,MD,MD,4045
2020-04-06,ME,ME,499
2020-04-06,MI,MI,18850
2020-04-06,MN,MN,986
2020-04-06,MO,MO,2722
2020-04-06,MP,MP,8
2020-04-06,MS,MS,1738
2020-04-06,MT,MT,299
2020-04-06,NC,NC,2870
2020-04-06,ND,ND,225
2020-04-06,NE,NE,409
2020-04-06,NH,NH,669
2020-04-06,NJ,NJ,41090
2020-04-06,NM,NM,624
2020-04-06,NV,NV,1953
2020-04-06,NY,NY,130689
2020-04-06,OH,OH,4450
2020-04-06,OK,OK,1327
2020-04-06,OR,OR,1132
2020-04-06,PA,PA,12980
2020-04-06,PR,PR,513
2020-04-06,RI,RI,1082
2020-04-06,SC,SC,2049
2020-04-06,SD,SD,288
2020-04-06,TN,TN,3802
2020-04-06,TX,TX,7276
2020-04-06,UT,UT,1675
2020-04-06,VA,VA,2878
2020-04-06,VI,VI,43
2020-04-06,VT,VT,543
2020-04-06,WA,WA,8679
2020-04-06,WI,WI,2440
2020-04-06,WV,WV,345
2020-04-06,WY,WY,210
2020-04-05,AK,AK,185
2020-04-05,AL,AL,1796
2020-04-05,AR,AR,830
2020-04-05,AS,AS,0
2020-04-05,AZ,AZ,2269
2020-04-05,CA,CA,13438
2020-04-05,CO,CO,4565
2020-04-05,CT,CT,5675
2020-04-05,DC,DC,998
2020-04-05,DE,DE,673
2020-04-05,FL,FL,12151
2020-04-05,GA,GA,6647
2020-04-05,GU,GU,112
2020-04-05,HI,HI,351
2020-04-05,IA,IA,868
2020-04-05,ID,ID,1077
2020-04-05,IL,IL,11256
2020-04-05,IN,IN,4411
2020-04-05,KS,KS,747
2020-04-05,KY,KY,917
2020-04-05,LA,LA,13010
2020-04-05,MA,MA,12500
2020-04-05,MD,MD,3609
2020-04-05,ME,ME,470
2020-04-05,MI,MI,17567
2020-04-05,MN,MN,935
2020-04-05,MO,MO,2367
2020-04-05,MP,MP,8
2020-04-05,MS,MS,1638
2020-04-05,MT,MT,286
2020-04-05,NC,NC,2585
2020-04-05,ND,ND,207
2020-04-05,NE,NE,363
2020-04-05,NH,NH,621
2020-04-05,NJ,NJ,37505
2020-04-05,NM,NM,543
2020-04-05,NV,NV,1836
2020-04-05,NY,NY,122031
2020-04-05,OH,OH,4043
2020-04-05,OK,OK,1252
2020-04-05,OR,OR,1068
2020-04-05,PA,PA,11510
2020-04-05,PR,PR,475
2020-04-05,RI,RI,922
2020-04-05,SC,SC,2049
2020-04-05,SD,SD,240
2020-04-05,TN,TN,3633
2020-04-05,TX,TX,6812
2020-04-05,UT,UT,1605
2020-04-05,VA,VA,2637
2020-04-05,VI,VI,42
2020-04-05,VT,VT,512
2020-04-05,WA,WA,8332
2020-04-05,WI,WI,2267
2020-04-05,WV,WV,324
2020-04-05,WY,WY,197
2020-04-04,AK,AK,171
2020-04-04,AL,AL,1580
2020-04-04,AR,AR,743
2020-04-04,AS,AS,0
2020-04-04,AZ,AZ,2019
2020-04-04,CA,CA,12026
2020-04-04,CO,CO,4173
2020-04-04,CT,CT,5276
2020-04-04,DC,DC,902
2020-04-04,DE,DE,593
2020-04-04,FL,FL,11111
2020-04-04,GA,GA,6160
2020-04-04,GU,GU,93
2020-04-04,HI,HI,319
2020-04-04,IA,IA,786
2020-04-04,ID,ID,1013
2020-04-04,IL,IL,10357
2020-04-04,IN,IN,3953
2020-04-04,KS,KS,698
2020-04-04,KY,KY,831
2020-04-04,LA,LA,12496
2020-04-04,MA,MA,11736
2020-04-04,MD,MD,3125
2020-04-04,ME,ME,456
2020-04-04,MI,MI,16395
2020-04-04,MN,MN,865
2020-04-04,MO,MO,2291
2020-04-04,MP,MP,8
2020-04-04,MS,MS,1455
2020-04-04,MT,MT,265
2020-04-04,NC,NC,2402
2020-04-04,ND,ND,186
2020-04-04,NE,NE,321
2020-04-04,NH,NH,540
2020-04-04,NJ,NJ,34124
2020-04-04,NM,NM,495
2020-04-04,NV,NV,1742
2020-04-04,NY,NY,113704
2020-04-04,OH,OH,3739
2020-04-04,OK,OK,1159
2020-04-04,OR,OR,999
2020-04-04,PA,PA,10017
2020-04-04,PR,PR,452
2020-04-04,RI,RI,806
2020-04-04,SC,SC,1917
2020-04-04,SD,SD,212
2020-04-04,TN,TN,3321
2020-04-04,TX,TX,6110
2020-04-04,UT,UT,1428
2020-04-04,VA,VA,2407
2020-04-04,VI,VI,40
2020-04-04,VT,VT,461
2020-04-04,WA,WA,7934
2020-04-04,WI,WI,2112
2020-04-04,WV,WV,282
2020-04-04,WY,WY,187
2020-04-03,AK,AK,157
2020-04-03,AL,AL,1432
2020-04-03,AR,AR,704
2020-04-03,AS,AS,0
2020-04-03,AZ,AZ,1769
2020-04-03,CA,CA,10701
2020-04-03,CO,CO,3728
2020-04-03,CT,CT,4914
2020-04-03,DC,DC,757
2020-04-03,DE,DE,450
2020-04-03,FL,FL,9585
2020-04-03,GA,GA,5831
2020-04-03,GU,GU,84
2020-04-03,HI,HI,285
2020-04-03,IA,IA,699
2020-04-03,ID,ID,891
2020-04-03,IL,IL,8904
2020-04-03,IN,IN,3437
2020-04-03,KS,KS,620
2020-04-03,KY,KY,770
2020-04-03,LA,LA,10297
2020-04-03,MA,MA,10402
2020-04-03,MD,MD,2758
2020-04-03,ME,ME,432
2020-04-03,MI,MI,15252
2020-04-03,MN,MN,789
2020-04-03,MO,MO,2113
2020-04-03,MP,MP,8
2020-04-03,MS,MS,1358
2020-04-03,MT,MT,243
2020-04-03,NC,NC,2093
2020-04-03,ND,ND,173
2020-04-03,NE,NE,279
2020-04-03,NH,NH,479
2020-04-03,NJ,NJ,29895
2020-04-03,NM,NM,403
2020-04-03,NV,NV,1514
2020-04-03,NY,NY,102863
2020-04-03,OH,OH,3312
2020-04-03,OK,OK,988
2020-04-03,OR,OR,899
2020-04-03,PA,PA,8420
2020-04-03,PR,PR,378
2020-04-03,RI,RI,709
2020-04-03,SC,SC,1554
2020-04-03,SD,SD,187
2020-04-03,TN,TN,3067
2020-04-03,TX,TX,5330
2020-04-03,UT,UT,1246
2020-04-03,VA,VA,2012
2020-04-03,VI,VI,38
2020-04-03,VT,VT,389
2020-04-03,WA,WA,7548
2020-04-03,WI,WI,1912
2020-04-03,WV,WV,237
2020-04-03,WY,WY,162
2020-04-02,AK,AK,143
2020-04-02,AL,AL,1233
2020-04-02,AR,AR,643
2020-04-02,AS,AS,0
2020-04-02,AZ,AZ,1598
2020-04-02,CA,CA,9191
2020-04-02,CO,CO,3342
2020-04-02,CT,CT,3824
2020-04-02,DC,DC,653
2020-04-02,DE,DE,393
2020-04-02,FL,FL,8010
2020-04-02,GA,GA,5348
2020-04-02,GU,GU,82
2020-04-02,HI,HI,258
2020-04-02,IA,IA,614
2020-04-02,ID,ID,669
2020-04-02,IL,IL,7695
2020-04-02,IN,IN,3039
2020-04-02,KS,KS,552
2020-04-02,KY,KY,680
2020-04-02,LA,LA,9150
2020-04-02,MA,MA,8966
2020-04-02,MD,MD,2331
2020-04-02,ME,ME,376
2020-04-02,MI,MI,14117
2020-04-02,MN,MN,742
2020-04-02,MO,MO,1834
2020-04-02,MP,MP,8
2020-04-02,MS,MS,1177
2020-04-02,MT,MT,227
2020-04-02,NC,NC,1857
2020-04-02,ND,ND,159
2020-04-02,NE,NE,246
2020-04-02,NH,NH,415
2020-04-02,NJ,NJ,25590
2020-04-02,NM,NM,363
2020-04-02,NV,NV,1458
2020-04-02,NY,NY,92381
2020-04-02,OH,OH,2902
2020-04-02,OK,OK,879
2020-04-02,OR,OR,826
2020-04-02,PA,PA,7016
2020-04-02,PR,PR,316
2020-04-02,RI,RI,657
2020-04-02,SC,SC,1554
2020-04-02,SD,SD,165
2020-04-02,TN,TN,2845
2020-04-02,TX,TX,4669
2020-04-02,UT,UT,1074
2020-04-02,VA,VA,1706
2020-04-02,VI,VI,33
2020-04-02,VT,VT,338
2020-04-02,WA,WA,6962
2020-04-02,WI,WI,1730
2020-04-02,WV,WV,217
2020-04-02,WY,WY,150
2020-04-01,AK,AK,133
2020-04-01,AL,AL,1077
2020-04-01,AR,AR,584
2020-04-01,AS,AS,0
2020-04-01,AZ,AZ,1413
2020-04-01,CA,CA,8155
2020-04-01,CO,CO,2966
2020-04-01,CT,CT,3557
2020-04-01,DC,DC,586
2020-04-01,DE,DE,368
2020-04-01,FL,FL,6955
2020-04-01,GA,GA,4638
2020-04-01,GU,GU,77
2020-04-01,HI,HI,208
2020-04-01,IA,IA,549
2020-04-01,ID,ID,525
2020-04-01,IL,IL,6980
2020-04-01,IN,IN,2565
2020-04-01,KS,KS,482
2020-04-01,KY,KY,591
2020-04-01,LA,LA,6424
2020-04-01,MA,MA,7738
2020-04-01,MD,MD,1985
2020-04-01,ME,ME,344
2020-04-01,MI,MI,12888
2020-04-01,MN,MN,689
2020-04-01,MO,MO,1581
2020-04-01,MP,MP,6
2020-04-01,MS,MS,1073
2020-04-01,MT,MT,208
2020-04-01,NC,NC,1584
2020-04-01,ND,ND,142
2020-04-01,NE,NE,210
2020-04-01,NH,NH,415
2020-04-01,NJ,NJ,22255
2020-04-01,NM,NM,315
2020-04-01,NV,NV,1279
2020-04-01,NY,NY,83712
2020-04-01,OH,OH,2547
2020-04-01,OK,OK,719
2020-04-01,OR,OR,736
2020-04-01,PA,PA,5805
2020-04-01,PR,PR,286
2020-04-01,RI,RI,566
2020-04-01,SC,SC,1293
2020-04-01,SD,SD,129
2020-04-01,TN,TN,2683
2020-04-01,TX,TX,3997
2020-04-01,UT,UT,1012
2020-04-01,VA,VA,1484
2020-04-01,VI,VI,30
2020-04-01,VT,VT,321
2020-04-01,WA,WA,6593
2020-04-01,WI,WI,1550
2020-04-01,WV,WV,191
2020-04-01,WY,WY,130
2020-03-31,AK,AK,119
2020-03-31,AL,AL,981
2020-03-31,AR,AR,523
2020-03-31,AS,AS,0
2020-03-31,AZ,AZ,1289
2020-03-31,CA,CA,7482
2020-03-31,CO,CO,2627
2020-03-31,CT,CT,3128
2020-03-31,DC,DC,495
2020-03-31,DE,DE,319
2020-03-31,FL,FL,6338
2020-03-31,GA,GA,3929
2020-03-31,GU,GU,69
2020-03-31,HI,HI,204
2020-03-31,IA,IA,497
2020-03-31,ID,ID,415
2020-03-31,IL,IL,5994
2020-03-31,IN,IN,2159
2020-03-31,KS,KS,428
2020-03-31,KY,KY,480
2020-03-31,LA,LA,5237
2020-03-31,MA,MA,6620
2020-03-31,MD,MD,1660
2020-03-31,ME,ME,303
2020-03-31,MI,MI,11875
2020-03-31,MN,MN,629
2020-03-31,MO,MO,1327
2020-03-31,MP,MP,2
2020-03-31,MS,MS,937
2020-03-31,MT,MT,184
2020-03-31,NC,NC,1498
2020-03-31,ND,ND,126
2020-03-31,NE,NE,172
2020-03-31,NH,NH,314
2020-03-31,NJ,NJ,18696
2020-03-31,NM,NM,281
2020-03-31,NV,NV,1113
2020-03-31,NY,NY,75795
2020-03-31,OH,OH,2199
2020-03-31,OK,OK,565
2020-03-31,OR,OR,690
2020-03-31,PA,PA,4843
2020-03-31,PR,PR,239
2020-03-31,RI,RI,489
2020-03-31,SC,SC,1083
2020-03-31,SD,SD,108
2020-03-31,TN,TN,2239
2020-03-31,TX,TX,3266
2020-03-31,UT,UT,887
2020-03-31,VA,VA,1250
2020-03-31,VI,VI,30
2020-03-31,VT,VT,293
2020-03-31,WA,WA,6030
2020-03-31,WI,WI,1351
2020-03-31,WV,WV,162
2020-03-31,WY,WY,109
2020-03-30,AK,AK,114
2020-03-30,AL,AL,859
2020-03-30,AR,AR,473
2020-03-30,AS,AS,
2020-03-30,AZ,AZ,1157
2020-03-30,CA,CA,6447
2020-03-30,CO,CO,2627
2020-03-30,CT,CT,2571
2020-03-30,DC,DC,401
2020-03-30,DE,DE,264
2020-03-30,FL,FL,5473
2020-03-30,GA,GA,2809
2020-03-30,GU,GU,58
2020-03-30,HI,HI,175
2020-03-30,IA,IA,424
2020-03-30,ID,ID,310
2020-03-30,IL,IL,5057
2020-03-30,IN,IN,1786
2020-03-30,KS,KS,368
2020-03-30,KY,KY,439
2020-03-30,LA,LA,4025
2020-03-30,MA,MA,5752
2020-03-30,MD,MD,1413
2020-03-30,ME,ME,275
2020-03-30,MI,MI,10901
2020-03-30,MN,MN,576
2020-03-30,MO,MO,1031
2020-03-30,MP,MP,2
2020-03-30,MS,MS,847
2020-03-30,MT,MT,171
2020-03-30,NC,NC,1307
2020-03-30,ND,ND,109
2020-03-30,NE,NE,145
2020-03-30,NH,NH,314
2020-03-30,NJ,NJ,16636
2020-03-30,NM,NM,237
2020-03-30,NV,NV,1008
2020-03-30,NY,NY,66497
2020-03-30,OH,OH,1933
2020-03-30,OK,OK,481
2020-03-30,OR,OR,606
2020-03-30,PA,PA,4087
2020-03-30,PR,PR,174
2020-03-30,RI,RI,402
2020-03-30,SC,SC,925
2020-03-30,SD,SD,101
2020-03-30,TN,TN,1834
2020-03-30,TX,TX,2877
2020-03-30,UT,UT,806
2020-03-30,VA,VA,1020
2020-03-30,VI,VI,30
2020-03-30,VT,VT,256
2020-03-30,WA,WA,5566
2020-03-30,WI,WI,1221
2020-03-30,WV,WV,126
2020-03-30,WY,WY,94
2020-03-29,AK,AK,102
2020-03-29,AL,AL,806
2020-03-29,AR,AR,426
2020-03-29,AS,AS,
2020-03-29,AZ,AZ,919
2020-03-29,CA,CA,5708
2020-03-29,CO,CO,2061
2020-03-29,CT,CT,1993
2020-03-29,DC,DC,342
2020-03-29,DE,DE,232
2020-03-29,FL,FL,4246
2020-03-29,GA,GA,2651
2020-03-29,GU,GU,56
2020-03-29,HI,HI,151
2020-03-29,IA,IA,336
2020-03-29,ID,ID,261
2020-03-29,IL,IL,4596
2020-03-29,IN,IN,1514
2020-03-29,KS,KS,319
2020-03-29,KY,KY,394
2020-03-29,LA,LA,3540
2020-03-29,MA,MA,4955
2020-03-29,MD,MD,1239
2020-03-29,ME,ME,253
2020-03-29,MI,MI,10010
2020-03-29,MN,MN,503
2020-03-29,MO,MO,838
2020-03-29,MP,MP,2
2020-03-29,MS,MS,758
2020-03-29,MT,MT,154
2020-03-29,NC,NC,1040
2020-03-29,ND,ND,98
2020-03-29,NE,NE,108
2020-03-29,NH,NH,214
2020-03-29,NJ,NJ,13386
2020-03-29,NM,NM,237
2020-03-29,NV,NV,738
2020-03-29,NY,NY,59513
2020-03-29,OH,OH,1653
2020-03-29,OK,OK,429
2020-03-29,OR,OR,548
2020-03-29,PA,PA,3394
2020-03-29,PR,PR,127
2020-03-29,RI,RI,294
2020-03-29,SC,SC,774
2020-03-29,SD,SD,90
2020-03-29,TN,TN,1537
2020-03-29,TX,TX,2552
2020-03-29,UT,UT,719
2020-03-29,VA,VA,890
2020-03-29,VI,VI,23
2020-03-29,VT,VT,235
2020-03-29,WA,WA,5102
2020-03-29,WI,WI,1112
2020-03-29,WV,WV,113
2020-03-29,WY,WY,86
2020-03-28,AK,AK,85
2020-03-28,AL,AL,696
2020-03-28,AR,AR,404
2020-03-28,AS,AS,
2020-03-28,AZ,AZ,873
2020-03-28,CA,CA,4643
2020-03-28,CO,CO,1734
2020-03-28,CT,CT,1291
2020-03-28,DC,DC,304
2020-03-28,DE,DE,214
2020-03-28,FL,FL,3763
2020-03-28,GA,GA,2366
2020-03-28,GU,GU,55
2020-03-28,HI,HI,120
2020-03-28,IA,IA,298
2020-03-28,ID,ID,230
2020-03-28,IL,IL,3491
2020-03-28,IN,IN,1232
2020-03-28,KS,KS,261
2020-03-28,KY,KY,302
2020-03-28,LA,LA,3315
2020-03-28,MA,MA,4257
2020-03-28,MD,MD,992
2020-03-28,ME,ME,211
2020-03-28,MI,MI,9287
2020-03-28,MN,MN,441
2020-03-28,MO,MO,838
2020-03-28,MP,MP,2
2020-03-28,MS,MS,663
2020-03-28,MT,MT,129
2020-03-28,NC,NC,935
2020-03-28,ND,ND,83
2020-03-28,NE,NE,96
2020-03-28,NH,NH,187
2020-03-28,NJ,NJ,11124
2020-03-28,NM,NM,191
2020-03-28,NV,NV,621
2020-03-28,NY,NY,52318
2020-03-28,OH,OH,1406
2020-03-28,OK,OK,377
2020-03-28,OR,OR,479
2020-03-28,PA,PA,2751
2020-03-28,PR,PR,100
2020-03-28,RI,RI,239
2020-03-28,SC,SC,539
2020-03-28,SD,SD,68
2020-03-28,TN,TN,1373
2020-03-28,TX,TX,2052
2020-03-28,UT,UT,602
2020-03-28,VA,VA,739
2020-03-28,VI,VI,22
2020-03-28,VT,VT,211
2020-03-28,WA,WA,4707
2020-03-28,WI,WI,989
2020-03-28,WV,WV,96
2020-03-28,WY,WY,82
2020-03-27,AK,AK,69
2020-03-27,AL,AL,587
2020-03-27,AR,AR,381
2020-03-27,AS,AS,
2020-03-27,AZ,AZ,736
2020-03-27,CA,CA,3879
2020-03-27,CO,CO,1430
2020-03-27,CT,CT,1291
2020-03-27,DC,DC,267
2020-03-27,DE,DE,163
2020-03-27,FL,FL,2765
2020-03-27,GA,GA,2001
2020-03-27,GU,GU,51
2020-03-27,HI,HI,106
2020-03-27,IA,IA,235
2020-03-27,ID,ID,189
2020-03-27,IL,IL,3026
2020-03-27,IN,IN,981
2020-03-27,KS,KS,202
2020-03-27,KY,KY,248
2020-03-27,LA,LA,2746
2020-03-27,MA,MA,3240
2020-03-27,MD,MD,774
2020-03-27,ME,ME,168
2020-03-27,MI,MI,8659
2020-03-27,MN,MN,398
2020-03-27,MO,MO,669
2020-03-27,MP,MP,0
2020-03-27,MS,MS,579
2020-03-27,MT,MT,108
2020-03-27,NC,NC,763
2020-03-27,ND,ND,65
2020-03-27,NE,NE,85
2020-03-27,NH,NH,158
2020-03-27,NJ,NJ,8825
2020-03-27,NM,NM,136
2020-03-27,NV,NV,535
2020-03-27,NY,NY,44635
2020-03-27,OH,OH,1137
2020-03-27,OK,OK,322
2020-03-27,OR,OR,414
2020-03-27,PA,PA,2218
2020-03-27,PR,PR,79
2020-03-27,RI,RI,203
2020-03-27,SC,SC,456
2020-03-27,SD,SD,58
2020-03-27,TN,TN,1203
2020-03-27,TX,TX,1731
2020-03-27,UT,UT,480
2020-03-27,VA,VA,604
2020-03-27,VI,VI,19
2020-03-27,VT,VT,184
2020-03-27,WA,WA,4238
2020-03-27,WI,WI,842
2020-03-27,WV,WV,76
2020-03-27,WY,WY,70
2020-03-26,AK,AK,59
2020-03-26,AL,AL,506
2020-03-26,AR,AR,335
2020-03-26,AS,AS,
2020-03-26,AZ,AZ,577
2020-03-26,CA,CA,3006
2020-03-26,CO,CO,1086
2020-03-26,CT,CT,1012
2020-03-26,DC,DC,231
2020-03-26,DE,DE,130
2020-03-26,FL,FL,2355
2020-03-26,GA,GA,1525
2020-03-26,GU,GU,45
2020-03-26,HI,HI,95
2020-03-26,IA,IA,179
2020-03-26,ID,ID,123
2020-03-26,IL,IL,2538
2020-03-26,IN,IN,645
2020-03-26,KS,KS,168
2020-03-26,KY,KY,198
2020-03-26,LA,LA,2305
2020-03-26,MA,MA,2417
2020-03-26,MD,MD,580
2020-03-26,ME,ME,155
2020-03-26,MI,MI,7767
2020-03-26,MN,MN,346
2020-03-26,MO,MO,502
2020-03-26,MP,MP,0
2020-03-26,MS,MS,485
2020-03-26,MT,MT,71
2020-03-26,NC,NC,636
2020-03-26,ND,ND,52
2020-03-26,NE,NE,73
2020-03-26,NH,NH,137
2020-03-26,NJ,NJ,6876
2020-03-26,NM,NM,112
2020-03-26,NV,NV,420
2020-03-26,NY,NY,37258
2020-03-26,OH,OH,867
2020-03-26,OK,OK,248
2020-03-26,OR,OR,327
2020-03-26,PA,PA,1687
2020-03-26,PR,PR,64
2020-03-26,RI,RI,165
2020-03-26,SC,SC,456
2020-03-26,SD,SD,46
2020-03-26,TN,TN,957
2020-03-26,TX,TX,1396
2020-03-26,UT,UT,402
2020-03-26,VA,VA,460
2020-03-26,VI,VI,17
2020-03-26,VT,VT,158
2020-03-26,WA,WA,3745
2020-03-26,WI,WI,707
2020-03-26,WV,WV,51
2020-03-26,WY,WY,53
2020-03-25,AK,AK,42
2020-03-25,AL,AL,283
2020-03-25,AR,AR,280
2020-03-25,AS,AS,
2020-03-25,AZ,AZ,450
2020-03-25,CA,CA,2355
2020-03-25,CO,CO,912
2020-03-25,CT,CT,875
2020-03-25,DC,DC,183
2020-03-25,DE,DE,115
2020-03-25,FL,FL,1682
2020-03-25,GA,GA,1247
2020-03-25,GU,GU,37
2020-03-25,HI,HI,90
2020-03-25,IA,IA,145
2020-03-25,ID,ID,73
2020-03-25,IL,IL,1865
2020-03-25,IN,IN,477
2020-03-25,KS,KS,126
2020-03-25,KY,KY,157
2020-03-25,LA,LA,1795
2020-03-25,MA,MA,1838
2020-03-25,MD,MD,423
2020-03-25,ME,ME,149
2020-03-25,MI,MI,7060
2020-03-25,MN,MN,287
2020-03-25,MO,MO,356
2020-03-25,MP,MP,0
2020-03-25,MS,MS,377
2020-03-25,MT,MT,53
2020-03-25,NC,NC,504
2020-03-25,ND,ND,39
2020-03-25,NE,NE,61
2020-03-25,NH,NH,108
2020-03-25,NJ,NJ,4402
2020-03-25,NM,NM,100
2020-03-25,NV,NV,321
2020-03-25,NY,NY,30811
2020-03-25,OH,OH,704
2020-03-25,OK,OK,164
2020-03-25,OR,OR,209
2020-03-25,PA,PA,1127
2020-03-25,PR,PR,51
2020-03-25,RI,RI,132
2020-03-25,SC,SC,424
2020-03-25,SD,SD,41
2020-03-25,TN,TN,784
2020-03-25,TX,TX,974
2020-03-25,UT,UT,346
2020-03-25,VA,VA,391
2020-03-25,VI,VI,17
2020-03-25,VT,VT,123
2020-03-25,WA,WA,3275
2020-03-25,WI,WI,585
2020-03-25,WV,WV,39
2020-03-25,WY,WY,44
2020-03-24,AK,AK,36
2020-03-24,AL,AL,215
2020-03-24,AR,AR,218
2020-03-24,AS,AS,
2020-03-24,AZ,AZ,357
2020-03-24,CA,CA,2102
2020-03-24,CO,CO,720
2020-03-24,CT,CT,618
2020-03-24,DC,DC,137
2020-03-24,DE,DE,91
2020-03-24,FL,FL,1412
2020-03-24,GA,GA,1026
2020-03-24,GU,GU,32
2020-03-24,HI,HI,77
2020-03-24,IA,IA,124
2020-03-24,ID,ID,50
2020-03-24,IL,IL,1535
2020-03-24,IN,IN,365
2020-03-24,KS,KS,98
2020-03-24,KY,KY,124
2020-03-24,LA,LA,1388
2020-03-24,MA,MA,1159
2020-03-24,MD,MD,349
2020-03-24,ME,ME,125
2020-03-24,MI,MI,1791
2020-03-24,MN,MN,262
2020-03-24,MO,MO,183
2020-03-24,MP,MP,0
2020-03-24,MS,MS,320
2020-03-24,MT,MT,46
2020-03-24,NC,NC,398
2020-03-24,ND,ND,34
2020-03-24,NE,NE,52
2020-03-24,NH,NH,101
2020-03-24,NJ,NJ,3675
2020-03-24,NM,NM,83
2020-03-24,NV,NV,278
2020-03-24,NY,NY,25665
2020-03-24,OH,OH,564
2020-03-24,OK,OK,106
2020-03-24,OR,OR,209
2020-03-24,PA,PA,851
2020-03-24,PR,PR,39
2020-03-24,RI,RI,124
2020-03-24,SC,SC,298
2020-03-24,SD,SD,30
2020-03-24,TN,TN,667
2020-03-24,TX,TX,410
2020-03-24,UT,UT,299
2020-03-24,VA,VA,290
2020-03-24,VI,VI,17
2020-03-24,VT,VT,95
2020-03-24,WA,WA,2823
2020-03-24,WI,WI,457
2020-03-24,WV,WV,20
2020-03-24,WY,WY,29
2020-03-23,AK,AK,22
2020-03-23,AL,AL,167
2020-03-23,AR,AR,174
2020-03-23,AS,AS,
2020-03-23,AZ,AZ,265
2020-03-23,CA,CA,1733
2020-03-23,CO,CO,591
2020-03-23,CT,CT,415
2020-03-23,DC,DC,116
2020-03-23,DE,DE,68
2020-03-23,FL,FL,1171
2020-03-23,GA,GA,772
2020-03-23,GU,GU,29
2020-03-23,HI,HI,56
2020-03-23,IA,IA,105
2020-03-23,ID,ID,47
2020-03-23,IL,IL,1273
2020-03-23,IN,IN,259
2020-03-23,KS,KS,82
2020-03-23,KY,KY,104
2020-03-23,LA,LA,1172
2020-03-23,MA,MA,777
2020-03-23,MD,MD,288
2020-03-23,ME,ME,107
2020-03-23,MI,MI,1328
2020-03-23,MN,MN,235
2020-03-23,MO,MO,183
2020-03-23,MP,MP,0
2020-03-23,MS,MS,249
2020-03-23,MT,MT,34
2020-03-23,NC,NC,297
2020-03-23,ND,ND,30
2020-03-23,NE,NE,50
2020-03-23,NH,NH,78
2020-03-23,NJ,NJ,2844
2020-03-23,NM,NM,65
2020-03-23,NV,NV,245
2020-03-23,NY,NY,20875
2020-03-23,OH,OH,442
2020-03-23,OK,OK,81
2020-03-23,OR,OR,191
2020-03-23,PA,PA,644
2020-03-23,PR,PR,31
2020-03-23,RI,RI,106
2020-03-23,SC,SC,298
2020-03-23,SD,SD,28
2020-03-23,TN,TN,615
2020-03-23,TX,TX,352
2020-03-23,UT,UT,257
2020-03-23,VA,VA,254
2020-03-23,VI,VI,17
2020-03-23,VT,VT,75
2020-03-23,WA,WA,2450
2020-03-23,WI,WI,416
2020-03-23,WV,WV,16
2020-03-23,WY,WY,26
2020-03-22,AK,AK,22
2020-03-22,AL,AL,138
2020-03-22,AR,AR,165
2020-03-22,AS,AS,
2020-03-22,AZ,AZ,152
2020-03-22,CA,CA,1536
2020-03-22,CO,CO,475
2020-03-22,CT,CT,223
2020-03-22,DC,DC,98
2020-03-22,DE,DE,56
2020-03-22,FL,FL,830
2020-03-22,GA,GA,600
2020-03-22,GU,GU,27
2020-03-22,HI,HI,48
2020-03-22,IA,IA,90
2020-03-22,ID,ID,42
2020-03-22,IL,IL,1049
2020-03-22,IN,IN,201
2020-03-22,KS,KS,64
2020-03-22,KY,KY,99
2020-03-22,LA,LA,837
2020-03-22,MA,MA,646
2020-03-22,MD,MD,244
2020-03-22,ME,ME,89
2020-03-22,MI,MI,1035
2020-03-22,MN,MN,169
2020-03-22,MO,MO,90
2020-03-22,MP,MP,0
2020-03-22,MS,MS,207
2020-03-22,MT,MT,31
2020-03-22,NC,NC,255
2020-03-22,ND,ND,28
2020-03-22,NE,NE,48
2020-03-22,NH,NH,65
2020-03-22,NJ,NJ,1914
2020-03-22,NM,NM,57
2020-03-22,NV,NV,190
2020-03-22,NY,NY,15168
2020-03-22,OH,OH,351
2020-03-22,OK,OK,67
2020-03-22,OR,OR,161
2020-03-22,PA,PA,479
2020-03-22,PR,PR,23
2020-03-22,RI,RI,83
2020-03-22,SC,SC,195
2020-03-22,SD,SD,21
2020-03-22,TN,TN,505
2020-03-22,TX,TX,334
2020-03-22,UT,UT,181
2020-03-22,VA,VA,219
2020-03-22,VI,VI,6
2020-03-22,VT,VT,52
2020-03-22,WA,WA,2242
2020-03-22,WI,WI,385
2020-03-22,WV,WV,12
2020-03-22,WY,WY,24
2020-03-21,AK,AK,14
2020-03-21,AL,AL,124
2020-03-21,AR,AR,118
2020-03-21,AS,AS,
2020-03-21,AZ,AZ,104
2020-03-21,CA,CA,1279
2020-03-21,CO,CO,363
2020-03-21,CT,CT,194
2020-03-21,DC,DC,77
2020-03-21,DE,DE,45
2020-03-21,FL,FL,658
2020-03-21,GA,GA,507
2020-03-21,GU,GU,15
2020-03-21,HI,HI,37
2020-03-21,IA,IA,68
2020-03-21,ID,ID,31
2020-03-21,IL,IL,753
2020-03-21,IN,IN,126
2020-03-21,KS,KS,55
2020-03-21,KY,KY,54
2020-03-21,LA,LA,585
2020-03-21,MA,MA,525
2020-03-21,MD,MD,190
2020-03-21,ME,ME,73
2020-03-21,MI,MI,787
2020-03-21,MN,MN,138
2020-03-21,MO,MO,73
2020-03-21,MP,MP,0
2020-03-21,MS,MS,140
2020-03-21,MT,MT,20
2020-03-21,NC,NC,184
2020-03-21,ND,ND,28
2020-03-21,NE,NE,38
2020-03-21,NH,NH,55
2020-03-21,NJ,NJ,1327
2020-03-21,NM,NM,57
2020-03-21,NV,NV,124
2020-03-21,NY,NY,10356
2020-03-21,OH,OH,247
2020-03-21,OK,OK,53
2020-03-21,OR,OR,114
2020-03-21,PA,PA,371
2020-03-21,PR,PR,21
2020-03-21,RI,RI,66
2020-03-21,SC,SC,152
2020-03-21,SD,SD,14
2020-03-21,TN,TN,371
2020-03-21,TX,TX,304
2020-03-21,UT,UT,136
2020-03-21,VA,VA,152
2020-03-21,VI,VI,6
2020-03-21,VT,VT,29
2020-03-21,WA,WA,2006
2020-03-21,WI,WI,281
2020-03-21,WV,WV,11
2020-03-21,WY,WY,23
2020-03-20,AK,AK,12
2020-03-20,AL,AL,81
2020-03-20,AR,AR,96
2020-03-20,AS,AS,
2020-03-20,AZ,AZ,65
2020-03-20,CA,CA,1063
2020-03-20,CO,CO,277
2020-03-20,CT,CT,194
2020-03-20,DC,DC,71
2020-03-20,DE,DE,38
2020-03-20,FL,FL,520
2020-03-20,GA,GA,420
2020-03-20,GU,GU,14
2020-03-20,HI,HI,26
2020-03-20,IA,IA,45
2020-03-20,ID,ID,23
2020-03-20,IL,IL,585
2020-03-20,IN,IN,79
2020-03-20,KS,KS,44
2020-03-20,KY,KY,47
2020-03-20,LA,LA,479
2020-03-20,MA,MA,413
2020-03-20,MD,MD,149
2020-03-20,ME,ME,57
2020-03-20,MI,MI,549
2020-03-20,MN,MN,115
2020-03-20,MO,MO,47
2020-03-20,MP,MP,0
2020-03-20,MS,MS,80
2020-03-20,MT,MT,16
2020-03-20,NC,NC,137
2020-03-20,ND,ND,20
2020-03-20,NE,NE,32
2020-03-20,NH,NH,44
2020-03-20,NJ,NJ,890
2020-03-20,NM,NM,43
2020-03-20,NV,NV,109
2020-03-20,NY,NY,7102
2020-03-20,OH,OH,169
2020-03-20,OK,OK,49
2020-03-20,OR,OR,114
2020-03-20,PA,PA,268
2020-03-20,PR,PR,14
2020-03-20,RI,RI,54
2020-03-20,SC,SC,81
2020-03-20,SD,SD,14
2020-03-20,TN,TN,228
2020-03-20,TX,TX,194
2020-03-20,UT,UT,112
2020-03-20,VA,VA,114
2020-03-20,VI,VI,3
2020-03-20,VT,VT,29
2020-03-20,WA,WA,1773
2020-03-20,WI,WI,206
2020-03-20,WV,WV,7
2020-03-20,WY,WY,19
2020-03-19,AK,AK,6
2020-03-19,AL,AL,68
2020-03-19,AR,AR,46
2020-03-19,AS,AS,
2020-03-19,AZ,AZ,44
2020-03-19,CA,CA,924
2020-03-19,CO,CO,216
2020-03-19,CT,CT,96
2020-03-19,DC,DC,39
2020-03-19,DE,DE,30
2020-03-19,FL,FL,390
2020-03-19,GA,GA,287
2020-03-19,GU,GU,12
2020-03-19,HI,HI,16
2020-03-19,IA,IA,38
2020-03-19,ID,ID,11
2020-03-19,IL,IL,422
2020-03-19,IN,IN,56
2020-03-19,KS,KS,34
2020-03-19,KY,KY,35
2020-03-19,LA,LA,347
2020-03-19,MA,MA,328
2020-03-19,MD,MD,107
2020-03-19,ME,ME,53
2020-03-19,MI,MI,336
2020-03-19,MN,MN,89
2020-03-19,MO,MO,24
2020-03-19,MP,MP,0
2020-03-19,MS,MS,50
2020-03-19,MT,MT,12
2020-03-19,NC,NC,97
2020-03-19,ND,ND,15
2020-03-19,NE,NE,27
2020-03-19,NH,NH,39
2020-03-19,NJ,NJ,742
2020-03-19,NM,NM,35
2020-03-19,NV,NV,95
2020-03-19,NY,NY,4152
2020-03-19,OH,OH,119
2020-03-19,OK,OK,44
2020-03-19,OR,OR,88
2020-03-19,PA,PA,185
2020-03-19,PR,PR,5
2020-03-19,RI,RI,44
2020-03-19,SC,SC,60
2020-03-19,SD,SD,11
2020-03-19,TN,TN,154
2020-03-19,TX,TX,143
2020-03-19,UT,UT,78
2020-03-19,VA,VA,94
2020-03-19,VI,VI,3
2020-03-19,VT,VT,22
2020-03-19,WA,WA,1535
2020-03-19,WI,WI,155
2020-03-19,WV,WV,2
2020-03-19,WY,WY,18
2020-03-18,AK,AK,6
2020-03-18,AL,AL,46
2020-03-18,AR,AR,33
2020-03-18,AS,AS,
2020-03-18,AZ,AZ,28
2020-03-18,CA,CA,611
2020-03-18,CO,CO,183
2020-03-18,CT,CT,68
2020-03-18,DC,DC,31
2020-03-18,DE,DE,25
2020-03-18,FL,FL,314
2020-03-18,GA,GA,197
2020-03-18,GU,GU,8
2020-03-18,HI,HI,14
2020-03-18,IA,IA,29
2020-03-18,ID,ID,9
2020-03-18,IL,IL,288
2020-03-18,IN,IN,39
2020-03-18,KS,KS,16
2020-03-18,KY,KY,26
2020-03-18,LA,LA,240
2020-03-18,MA,MA,256
2020-03-18,MD,MD,85
2020-03-18,ME,ME,43
2020-03-18,MI,MI,80
2020-03-18,MN,MN,77
2020-03-18,MO,MO,13
2020-03-18,MP,MP,0
2020-03-18,MS,MS,34
2020-03-18,MT,MT,10
2020-03-18,NC,NC,63
2020-03-18,ND,ND,6
2020-03-18,NE,NE,24
2020-03-18,NH,NH,26
2020-03-18,NJ,NJ,427
2020-03-18,NM,NM,28
2020-03-18,NV,NV,55
2020-03-18,NY,NY,2382
2020-03-18,OH,OH,88
2020-03-18,OK,OK,29
2020-03-18,OR,OR,75
2020-03-18,PA,PA,133
2020-03-18,PR,PR,5
2020-03-18,RI,RI,33
2020-03-18,SC,SC,60
2020-03-18,SD,SD,11
2020-03-18,TN,TN,98
2020-03-18,TX,TX,83
2020-03-18,UT,UT,63
2020-03-18,VA,VA,77
2020-03-18,VI,VI,2
2020-03-18,VT,VT,19
2020-03-18,WA,WA,1388
2020-03-18,WI,WI,106
2020-03-18,WV,WV,1
2020-03-18,WY,WY,15
2020-03-17,AK,AK,3
2020-03-17,AL,AL,36
2020-03-17,AR,AR,22
2020-03-17,AS,AS,
2020-03-17,AZ,AZ,20
2020-03-17,CA,CA,483
2020-03-17,CO,CO,160
2020-03-17,CT,CT,41
2020-03-17,DC,DC,22
2020-03-17,DE,DE,16
2020-03-17,FL,FL,186
2020-03-17,GA,GA,146
2020-03-17,GU,GU,5
2020-03-17,HI,HI,10
2020-03-17,IA,IA,23
2020-03-17,ID,ID,7
2020-03-17,IL,IL,159
2020-03-17,IN,IN,30
2020-03-17,KS,KS,15
2020-03-17,KY,KY,22
2020-03-17,LA,LA,171
2020-03-17,MA,MA,218
2020-03-17,MD,MD,57
2020-03-17,ME,ME,32
2020-03-17,MI,MI,65
2020-03-17,MN,MN,60
2020-03-17,MO,MO,8
2020-03-17,MP,MP,0
2020-03-17,MS,MS,21
2020-03-17,MT,MT,8
2020-03-17,NC,NC,40
2020-03-17,ND,ND,3
2020-03-17,NE,NE,21
2020-03-17,NH,NH,17
2020-03-17,NJ,NJ,267
2020-03-17,NM,NM,23
2020-03-17,NV,NV,55
2020-03-17,NY,NY,1700
2020-03-17,OH,OH,67
2020-03-17,OK,OK,17
2020-03-17,OR,OR,47
2020-03-17,PA,PA,96
2020-03-17,PR,PR,5
2020-03-17,RI,RI,23
2020-03-17,SC,SC,33
2020-03-17,SD,SD,11
2020-03-17,TN,TN,73
2020-03-17,TX,TX,64
2020-03-17,UT,UT,51
2020-03-17,VA,VA,67
2020-03-17,VI,VI,2
2020-03-17,VT,VT,10
2020-03-17,WA,WA,1218
2020-03-17,WI,WI,72
2020-03-17,WV,WV,0
2020-03-17,WY,WY,10
2020-03-16,AK,AK,1
2020-03-16,AL,AL,28
2020-03-16,AR,AR,22
2020-03-16,AS,AS,
2020-03-16,AZ,AZ,18
2020-03-16,CA,CA,335
2020-03-16,CO,CO,131
2020-03-16,CT,CT,26
2020-03-16,DC,DC,17
2020-03-16,DE,DE,8
2020-03-16,FL,FL,141
2020-03-16,GA,GA,121
2020-03-16,GU,GU,3
2020-03-16,HI,HI,7
2020-03-16,IA,IA,22
2020-03-16,ID,ID,5
2020-03-16,IL,IL,93
2020-03-16,IN,IN,24
2020-03-16,KS,KS,11
2020-03-16,KY,KY,21
2020-03-16,LA,LA,114
2020-03-16,MA,MA,164
2020-03-16,MD,MD,37
2020-03-16,ME,ME,17
2020-03-16,MI,MI,53
2020-03-16,MN,MN,54
2020-03-16,MO,MO,6
2020-03-16,MP,MP,0
2020-03-16,MS,MS,12
2020-03-16,MT,MT,7
2020-03-16,NC,NC,33
2020-03-16,ND,ND,1
2020-03-16,NE,NE,18
2020-03-16,NH,NH,13
2020-03-16,NJ,NJ,178
2020-03-16,NM,NM,17
2020-03-16,NV,NV,45
2020-03-16,NY,NY,950
2020-03-16,OH,OH,50
2020-03-16,OK,OK,10
2020-03-16,OR,OR,39
2020-03-16,PA,PA,76
2020-03-16,PR,PR,5
2020-03-16,RI,RI,21
2020-03-16,SC,SC,28
2020-03-16,SD,SD,10
2020-03-16,TN,TN,52
2020-03-16,TX,TX,57
2020-03-16,UT,UT,39
2020-03-16,VA,VA,51
2020-03-16,VI,VI,1
2020-03-16,VT,VT,8
2020-03-16,WA,WA,1052
2020-03-16,WI,WI,47
2020-03-16,WV,WV,0
2020-03-16,WY,WY,3
2020-03-15,AK,AK,1
2020-03-15,AL,AL,12
2020-03-15,AR,AR,16
2020-03-15,AZ,AZ,12
2020-03-15,CA,CA,293
2020-03-15,CO,CO,131
2020-03-15,CT,CT,20
2020-03-15,DC,DC,16
2020-03-15,DE,DE,6
2020-03-15,FL,FL,116
2020-03-15,GA,GA,99
2020-03-15,HI,HI,2
2020-03-15,IA,IA,18
2020-03-15,ID,ID,5
2020-03-15,IL,IL,64
2020-03-15,IN,IN,19
2020-03-15,KS,KS,8
2020-03-15,KY,KY,16
2020-03-15,LA,LA,91
2020-03-15,MA,MA,138
2020-03-15,MD,MD,31
2020-03-15,ME,ME,3
2020-03-15,MI,MI,33
2020-03-15,MN,MN,35
2020-03-15,MO,MO,5
2020-03-15,MS,MS,10
2020-03-15,MT,MT,7
2020-03-15,NC,NC,32
2020-03-15,ND,ND,1
2020-03-15,NE,NE,17
2020-03-15,NH,NH,13
2020-03-15,NJ,NJ,98
2020-03-15,NM,NM,13
2020-03-15,NV,NV,21
2020-03-15,NY,NY,729
2020-03-15,OH,OH,36
2020-03-15,OK,OK,9
2020-03-15,OR,OR,36
2020-03-15,PA,PA,63
2020-03-15,RI,RI,20
2020-03-15,SC,SC,19
2020-03-15,SD,SD,9
2020-03-15,TN,TN,39
2020-03-15,TX,TX,56
2020-03-15,UT,UT,28
2020-03-15,VA,VA,45
2020-03-15,VT,VT,4
2020-03-15,WA,WA,924
2020-03-15,WI,WI,33
2020-03-15,WV,WV,0
2020-03-15,WY,WY,3
2020-03-14,AK,AK,1
2020-03-14,AL,AL,6
2020-03-14,AR,AR,12
2020-03-14,AZ,AZ,12
2020-03-14,CA,CA,252
2020-03-14,CO,CO,101
2020-03-14,CT,CT,11
2020-03-14,DC,DC,10
2020-03-14,DE,DE,6
2020-03-14,FL,FL,77
2020-03-14,GA,GA,66
2020-03-14,HI,HI,2
2020-03-14,IA,IA,17
2020-03-14,ID,ID,2
2020-03-14,IL,IL,46
2020-03-14,IN,IN,15
2020-03-14,KS,KS,6
2020-03-14,KY,KY,14
2020-03-14,LA,LA,69
2020-03-14,MA,MA,138
2020-03-14,MD,MD,26
2020-03-14,ME,ME,3
2020-03-14,MI,MI,25
2020-03-14,MN,MN,21
2020-03-14,MO,MO,4
2020-03-14,MS,MS,6
2020-03-14,MT,MT,5
2020-03-14,NC,NC,23
2020-03-14,ND,ND,1
2020-03-14,NE,NE,14
2020-03-14,NH,NH,7
2020-03-14,NJ,NJ,50
2020-03-14,NM,NM,10
2020-03-14,NV,NV,20
2020-03-14,NY,NY,524
2020-03-14,OH,OH,13
2020-03-14,OK,OK,4
2020-03-14,OR,OR,30
2020-03-14,PA,PA,47
2020-03-14,RI,RI,20
2020-03-14,SC,SC,13
2020-03-14,SD,SD,9
2020-03-14,TN,TN,32
2020-03-14,TX,TX,51
2020-03-14,UT,UT,6
2020-03-14,VA,VA,30
2020-03-14,VT,VT,4
2020-03-14,WA,WA,793
2020-03-14,WI,WI,19
2020-03-14,WV,WV,0
2020-03-14,WY,WY,2
2020-03-13,AK,AK,1
2020-03-13,AL,AL,1
2020-03-13,AR,AR,9
2020-03-13,AZ,AZ,9
2020-03-13,CA,CA,202
2020-03-13,CO,CO,72
2020-03-13,CT,CT,6
2020-03-13,DC,DC,10
2020-03-13,DE,DE,4
2020-03-13,FL,FL,50
2020-03-13,GA,GA,42
2020-03-13,HI,HI,2
2020-03-13,IA,IA,16
2020-03-13,ID,ID,0
2020-03-13,IL,IL,32
2020-03-13,IN,IN,12
2020-03-13,KS,KS,6
2020-03-13,KY,KY,11
2020-03-13,LA,LA,36
2020-03-13,MA,MA,123
2020-03-13,MD,MD,17
2020-03-13,ME,ME,3
2020-03-13,MI,MI,16
2020-03-13,MN,MN,14
2020-03-13,MO,MO,2
2020-03-13,MS,MS,4
2020-03-13,MT,MT,1
2020-03-13,NC,NC,15
2020-03-13,ND,ND,1
2020-03-13,NE,NE,13
2020-03-13,NH,NH,6
2020-03-13,NJ,NJ,50
2020-03-13,NM,NM,10
2020-03-13,NV,NV,11
2020-03-13,NY,NY,421
2020-03-13,OH,OH,13
2020-03-13,OK,OK,3
2020-03-13,OR,OR,30
2020-03-13,PA,PA,41
2020-03-13,RI,RI,14
2020-03-13,SC,SC,12
2020-03-13,SD,SD,9
2020-03-13,TN,TN,26
2020-03-13,TX,TX,39
2020-03-13,UT,UT,6
2020-03-13,VA,VA,30
2020-03-13,VT,VT,2
2020-03-13,WA,WA,693
2020-03-13,WI,WI,19
2020-03-13,WV,WV,0
2020-03-13,WY,WY,1
2020-03-12,AK,AK,0
2020-03-12,AL,AL,0
2020-03-12,AR,AR,6
2020-03-12,AZ,AZ,9
2020-03-12,CA,CA,202
2020-03-12,CO,CO,45
2020-03-12,CT,CT,6
2020-03-12,DC,DC,10
2020-03-12,DE,DE,4
2020-03-12,FL,FL,32
2020-03-12,GA,GA,31
2020-03-12,HI,HI,2
2020-03-12,IA,IA,14
2020-03-12,ID,ID,0
2020-03-12,IL,IL,25
2020-03-12,IN,IN,12
2020-03-12,KS,KS,4
2020-03-12,KY,KY,8
2020-03-12,LA,LA,14
2020-03-12,MA,MA,95
2020-03-12,MD,MD,12
2020-03-12,ME,ME,1
2020-03-12,MI,MI,2
2020-03-12,MN,MN,9
2020-03-12,MO,MO,1
2020-03-12,MS,MS,1
2020-03-12,MT,MT,1
2020-03-12,NC,NC,12
2020-03-12,ND,ND,1
2020-03-12,NE,NE,10
2020-03-12,NH,NH,6
2020-03-12,NJ,NJ,30
2020-03-12,NM,NM,5
2020-03-12,NV,NV,7
2020-03-12,NY,NY,216
2020-03-12,OH,OH,5
2020-03-12,OK,OK,3
2020-03-12,OR,OR,19
2020-03-12,PA,PA,22
2020-03-12,RI,RI,5
2020-03-12,SC,SC,10
2020-03-12,SD,SD,8
2020-03-12,TN,TN,18
2020-03-12,TX,TX,23
2020-03-12,UT,UT,4
2020-03-12,VA,VA,17
2020-03-12,VT,VT,2
2020-03-12,WA,WA,543
2020-03-12,WI,WI,8
2020-03-12,WV,WV,0
2020-03-12,WY,WY,1
2020-03-11,AK,AK,0
2020-03-11,AL,AL,0
2020-03-11,AR,AR,0
2020-03-11,AZ,AZ,9
2020-03-11,CA,CA,157
2020-03-11,CO,CO,28
2020-03-11,CT,CT,3
2020-03-11,DC,DC,5
2020-03-11,DE,DE,1
2020-03-11,FL,FL,28
2020-03-11,GA,GA,22
2020-03-11,HI,HI,2
2020-03-11,IA,IA,13
2020-03-11,ID,ID,0
2020-03-11,IL,IL,19
2020-03-11,IN,IN,10
2020-03-11,KS,KS,1
2020-03-11,KY,KY,8
2020-03-11,LA,LA,6
2020-03-11,MA,MA,92
2020-03-11,MD,MD,9
2020-03-11,ME,ME,0
2020-03-11,MI,MI,2
2020-03-11,MN,MN,5
2020-03-11,MO,MO,1
2020-03-11,MS,MS,0
2020-03-11,MT,MT,0
2020-03-11,NC,NC,7
2020-03-11,ND,ND,0
2020-03-11,NE,NE,5
2020-03-11,NH,NH,4
2020-03-11,NJ,NJ,24
2020-03-11,NM,NM,3
2020-03-11,NV,NV,5
2020-03-11,NY,NY,216
2020-03-11,OH,OH,4
2020-03-11,OK,OK,2
2020-03-11,OR,OR,19
2020-03-11,PA,PA,16
2020-03-11,RI,RI,5
2020-03-11,SC,SC,9
2020-03-11,SD,SD,5
2020-03-11,TN,TN,7
2020-03-11,TX,TX,21
2020-03-11,UT,UT,2
2020-03-11,VA,VA,9
2020-03-11,VT,VT,1
2020-03-11,WA,WA,474
2020-03-11,WI,WI,3
2020-03-11,WV,WV,0
2020-03-11,WY,WY,0
2020-03-10,AK,AK,0
2020-03-10,AL,AL,0
2020-03-10,AR,AR,0
2020-03-10,AZ,AZ,6
2020-03-10,CA,CA,133
2020-03-10,CO,CO,12
2020-03-10,CT,CT,2
2020-03-10,DC,DC,5
2020-03-10,DE,DE,0
2020-03-10,FL,FL,19
2020-03-10,GA,GA,17
2020-03-10,HI,HI,2
2020-03-10,IA,IA,8
2020-03-10,ID,ID,0
2020-03-10,IL,IL,19
2020-03-10,IN,IN,6
2020-03-10,KS,KS,1
2020-03-10,KY,KY,6
2020-03-10,LA,LA,1
2020-03-10,MA,MA,92
2020-03-10,MD,MD,6
2020-03-10,ME,ME,0
2020-03-10,MI,MI,0
2020-03-10,MN,MN,3
2020-03-10,MO,MO,1
2020-03-10,MS,MS,0
2020-03-10,MT,MT,0
2020-03-10,NC,NC,7
2020-03-10,ND,ND,0
2020-03-10,NE,NE,3
2020-03-10,NH,NH,4
2020-03-10,NJ,NJ,15
2020-03-10,NM,NM,0
2020-03-10,NV,NV,1
2020-03-10,NY,NY,173
2020-03-10,OH,OH,3
2020-03-10,OK,OK,2
2020-03-10,OR,OR,15
2020-03-10,PA,PA,12
2020-03-10,RI,RI,3
2020-03-10,SC,SC,7
2020-03-10,SD,SD,0
2020-03-10,TN,TN,7
2020-03-10,TX,TX,13
2020-03-10,UT,UT,2
2020-03-10,VA,VA,8
2020-03-10,VT,VT,1
2020-03-10,WA,WA,390
2020-03-10,WI,WI,2
2020-03-10,WV,WV,0
2020-03-10,WY,WY,0
2020-03-09,AK,AK,0
2020-03-09,AL,AL,0
2020-03-09,AR,AR,0
2020-03-09,AZ,AZ,5
2020-03-09,CA,CA,114
2020-03-09,CO,CO,9
2020-03-09,CT,CT,1
2020-03-09,DC,DC,1
2020-03-09,DE,DE,0
2020-03-09,FL,FL,18
2020-03-09,GA,GA,12
2020-03-09,HI,HI,2
2020-03-09,IA,IA,3
2020-03-09,ID,ID,0
2020-03-09,IL,IL,7
2020-03-09,IN,IN,2
2020-03-09,KS,KS,1
2020-03-09,KY,KY,4
2020-03-09,LA,LA,1
2020-03-09,MA,MA,41
2020-03-09,MD,MD,5
2020-03-09,ME,ME,0
2020-03-09,MI,MI,0
2020-03-09,MN,MN,2
2020-03-09,MO,MO,1
2020-03-09,MS,MS,0
2020-03-09,MT,MT,0
2020-03-09,NC,NC,2
2020-03-09,ND,ND,0
2020-03-09,NE,NE,3
2020-03-09,NH,NH,4
2020-03-09,NJ,NJ,11
2020-03-09,NM,NM,0
2020-03-09,NV,NV,1
2020-03-09,NY,NY,142
2020-03-09,OH,OH,3
2020-03-09,OK,OK,1
2020-03-09,OR,OR,14
2020-03-09,PA,PA,10
2020-03-09,RI,RI,3
2020-03-09,SC,SC,7
2020-03-09,SD,SD,0
2020-03-09,TN,TN,3
2020-03-09,TX,TX,12
2020-03-09,UT,UT,1
2020-03-09,VA,VA,3
2020-03-09,VT,VT,1
2020-03-09,WA,WA,343
2020-03-09,WI,WI,1
2020-03-09,WV,WV,0
2020-03-09,WY,WY,0
2020-03-08,AK,AK,0
2020-03-08,AL,AL,0
2020-03-08,AR,AR,0
2020-03-08,AZ,AZ,5
2020-03-08,CA,CA,88
2020-03-08,CO,CO,8
2020-03-08,CT,CT,1
2020-03-08,DC,DC,1
2020-03-08,DE,DE,0
2020-03-08,FL,FL,17
2020-03-08,GA,GA,7
2020-03-08,HI,HI,1
2020-03-08,IA,IA,0
2020-03-08,ID,ID,0
2020-03-08,IL,IL,6
2020-03-08,IN,IN,2
2020-03-08,KS,KS,1
2020-03-08,KY,KY,1
2020-03-08,LA,LA,0
2020-03-08,MA,MA,13
2020-03-08,MD,MD,3
2020-03-08,ME,ME,0
2020-03-08,MI,MI,0
2020-03-08,MN,MN,1
2020-03-08,MO,MO,1
2020-03-08,MS,MS,0
2020-03-08,MT,MT,0
2020-03-08,NC,NC,2
2020-03-08,ND,ND,0
2020-03-08,NE,NE,1
2020-03-08,NH,NH,4
2020-03-08,NJ,NJ,6
2020-03-08,NM,NM,0
2020-03-08,NV,NV,1
2020-03-08,NY,NY,105
2020-03-08,OH,OH,0
2020-03-08,OK,OK,1
2020-03-08,OR,OR,14
2020-03-08,PA,PA,6
2020-03-08,RI,RI,3
2020-03-08,SC,SC,2
2020-03-08,SD,SD,0
2020-03-08,TN,TN,3
2020-03-08,TX,TX,8
2020-03-08,UT,UT,1
2020-03-08,VA,VA,2
2020-03-08,VT,VT,1
2020-03-08,WA,WA,246
2020-03-08,WI,WI,1
2020-03-08,WV,WV,0
2020-03-08,WY,WY,0
2020-03-07,AK,AK,0
2020-03-07,AL,AL,0
2020-03-07,AR,AR,0
2020-03-07,AZ,AZ,5
2020-03-07,CA,CA,69
2020-03-07,CO,CO,8
2020-03-07,CT,CT,0
2020-03-07,DC,DC,0
2020-03-07,DE,DE,0
2020-03-07,FL,FL,14
2020-03-07,GA,GA,6
2020-03-07,HI,HI,1
2020-03-07,IA,IA,0
2020-03-07,ID,ID,0
2020-03-07,IL,IL,6
2020-03-07,IN,IN,1
2020-03-07,KS,KS,0
2020-03-07,KY,KY,1
2020-03-07,LA,LA,0
2020-03-07,MA,MA,13
2020-03-07,MD,MD,3
2020-03-07,ME,ME,0
2020-03-07,MI,MI,0
2020-03-07,MN,MN,1
2020-03-07,MO,MO,0
2020-03-07,MS,MS,0
2020-03-07,MT,MT,0
2020-03-07,NC,NC,2
2020-03-07,ND,ND,0
2020-03-07,NE,NE,1
2020-03-07,NH,NH,2
2020-03-07,NJ,NJ,4
2020-03-07,NM,NM,0
2020-03-07,NV,NV,1
2020-03-07,NY,NY,76
2020-03-07,OH,OH,0
2020-03-07,OK,OK,1
2020-03-07,OR,OR,7
2020-03-07,PA,PA,4
2020-03-07,RI,RI,2
2020-03-07,SC,SC,2
2020-03-07,SD,SD,0
2020-03-07,TN,TN,1
2020-03-07,TX,TX,8
2020-03-07,UT,UT,1
2020-03-07,VA,VA,0
2020-03-07,VT,VT,0
2020-03-07,WA,WA,181
2020-03-07,WI,WI,1
2020-03-07,WV,WV,0
2020-03-07,WY,WY,0
2020-03-06,AK,AK,0
2020-03-06,AR,AR,0
2020-03-06,AZ,AZ,3
2020-03-06,CA,CA,60
2020-03-06,CO,CO,2
2020-03-06,DC,DC,0
2020-03-06,DE,DE,0
2020-03-06,FL,FL,9
2020-03-06,GA,GA,2
2020-03-06,IA,IA,0
2020-03-06,IL,IL,5
2020-03-06,IN,IN,1
2020-03-06,KS,KS,0
2020-03-06,KY,KY,0
2020-03-06,MA,MA,8
2020-03-06,MD,MD,3
2020-03-06,MI,MI,0
2020-03-06,MN,MN,0
2020-03-06,NC,NC,2
2020-03-06,NE,NE,0
2020-03-06,NH,NH,2
2020-03-06,NJ,NJ,1
2020-03-06,NM,NM,0
2020-03-06,NV,NV,1
2020-03-06,NY,NY,33
2020-03-06,OH,OH,0
2020-03-06,OR,OR,3
2020-03-06,PA,PA,2
2020-03-06,RI,RI,3
2020-03-06,SC,SC,0
2020-03-06,TN,TN,1
2020-03-06,TX,TX,5
2020-03-06,VA,VA,0
2020-03-06,VT,VT,0
2020-03-06,WA,WA,149
2020-03-06,WI,WI,1
2020-03-06,WV,WV,0
2020-03-05,AZ,AZ,2
2020-03-05,CA,CA,53
2020-03-05,CO,CO,0
2020-03-05,DC,DC,0
2020-03-05,FL,FL,9
2020-03-05,GA,GA,2
2020-03-05,IL,IL,5
2020-03-05,MA,MA,2
2020-03-05,MD,MD,0
2020-03-05,MI,MI,0
2020-03-05,NC,NC,1
2020-03-05,NE,NE,0
2020-03-05,NH,NH,2
2020-03-05,NJ,NJ,1
2020-03-05,NV,NV,1
2020-03-05,NY,NY,22
2020-03-05,OH,OH,0
2020-03-05,OR,OR,3
2020-03-05,RI,RI,2
2020-03-05,SC,SC,0
2020-03-05,TN,TN,1
2020-03-05,TX,TX,1
2020-03-05,VA,VA,0
2020-03-05,WA,WA,96
2020-03-05,WI,WI,1
2020-03-04,AZ,AZ,2
2020-03-04,CA,CA,53
2020-03-04,FL,FL,2
2020-03-04,GA,GA,2
2020-03-04,IL,IL,4
2020-03-04,MA,MA,2
2020-03-04,NC,NC,1
2020-03-04,NH,NH,2
2020-03-04,NY,NY,6
2020-03-04,OR,OR,3
2020-03-04,RI,RI,2
2020-03-04,SC,SC,0
2020-03-04,TX,TX,1
2020-03-04,WA,WA,76
2020-03-04,WI,WI,1
2020-03-03,RI,RI,2
2020-03-03,WA,WA,58
2020-03-02,RI,RI,1
2020-03-02,WA,WA,34
2020-03-01,RI,RI,1
2020-03-01,WA,WA,30
2020-02-29,WA,WA,18
2020-02-28,WA,WA,9
